{
    "tune": {
        "name": "Deepfish_yolov8n-seg_AdamW",
        "best": [
            4,
            7
        ],
        "score_1": {
            "precision(M)": 0.99791,
            "recall(M)": 0.96203,
            "mAP50(M)": 0.98403,
            "mAP50-95(M)": 0.77354,
            "F1_score": 0.9796415781095339
        },
        "score_2": {
            "precision(M)": 0.99606,
            "recall(M)": 0.96203,
            "mAP50(M)": 0.96694,
            "mAP50-95(M)": 0.73185,
            "F1_score": 0.978749293239841
        },
        "config1": {
            "data": "/home/asdasd/tesis_yolov9/datasets_yaml/Deepfish.yaml",
            "lr0": 0.000882954433333539,
            "lrf": 0.08076973509688214,
            "momentum": 0.8988861931123622,
            "warmup_epochs": 1.5494684248185941,
            "warmup_momentum": 0.15024625033389644,
            "weight_decay": 0.0009316155689507428
        },
        "config2": {
            "data": "/home/asdasd/tesis_yolov9/datasets_yaml/Deepfish.yaml",
            "lr0": 0.00105523214440658,
            "lrf": 0.059124137285984736,
            "momentum": 0.9415646534083091,
            "warmup_epochs": 1.6388358063575783,
            "warmup_momentum": 0.21308236447065365,
            "weight_decay": 0.0009336687162926384
        }
    },
    "tune2": {
        "name": "Deepfish_yolov8n-seg_SGD",
        "best": [
            5,
            7
        ],
        "score_1": {
            "precision(M)": 0.99675,
            "recall(M)": 0.94937,
            "mAP50(M)": 0.97325,
            "mAP50-95(M)": 0.73029,
            "F1_score": 0.9724832461513164
        },
        "score_2": {
            "precision(M)": 1.0,
            "recall(M)": 0.93194,
            "mAP50(M)": 0.95466,
            "mAP50-95(M)": 0.7115,
            "F1_score": 0.9647711626655072
        },
        "config1": {
            "data": "/home/asdasd/tesis_yolov9/datasets_yaml/Deepfish.yaml",
            "lr0": 0.0059267924484618754,
            "lrf": 0.14917452161014008,
            "momentum": 0.7788809804001191,
            "warmup_epochs": 4.409945533872067,
            "warmup_momentum": 0.2148014429870535,
            "weight_decay": 0.0008727757974571429
        },
        "config2": {
            "data": "/home/asdasd/tesis_yolov9/datasets_yaml/Deepfish.yaml",
            "lr0": 0.0053200432326942285,
            "lrf": 0.28011889645201765,
            "momentum": 0.88193637558478,
            "warmup_epochs": 3.0713236781349926,
            "warmup_momentum": 0.18977750091466725,
            "weight_decay": 0.0008403545002583105
        }
    },
    "tune3": {
        "name": "Deepfish_LO_yolov8n-seg_AdamW",
        "best": [
            1,
            8
        ],
        "score_1": {
            "precision(M)": 0.9867,
            "recall(M)": 0.94937,
            "mAP50(M)": 0.97439,
            "mAP50-95(M)": 0.7431,
            "F1_score": 0.9676751140196378
        },
        "score_2": {
            "precision(M)": 0.999566390183674,
            "recall(M)": 0.9367088607594936,
            "mAP50(M)": 0.9761516157466114,
            "mAP50-95(M)": 0.7614639399270928,
            "F1_score": 0.967117349815169
        },
        "config2": {
            "data": "/home/asdasd/tesis_yolov9/datasets_yaml/Deepfish_LO.yaml",
            "lr0": 0.000655504003755456,
            "lrf": 0.2910450412180286,
            "momentum": 0.8323469313449169,
            "warmup_epochs": 0.7128248801312446,
            "warmup_momentum": 0.21827314193221836,
            "weight_decay": 0.0006972157540495122
        },
        "config1": {
            "data": "/home/asdasd/tesis_yolov9/datasets_yaml/Deepfish_LO.yaml",
            "lr0": 0.0006163193201785272,
            "lrf": 0.28447637898216105,
            "momentum": 0.9164676397935689,
            "warmup_epochs": 0.6070514304083675,
            "warmup_momentum": 0.22783608587593362,
            "weight_decay": 0.000704430618915221
        }
    },
    "tune4": {
        "name": "Deepfish_LO_yolov8n-seg_SGD",
        "best": [
            2,
            0
        ],
        "score_1": {
            "precision(M)": 0.99771,
            "recall(M)": 0.96203,
            "mAP50(M)": 0.98075,
            "mAP50-95(M)": 0.73752,
            "F1_score": 0.9795451960974415
        },
        "score_2": {
            "precision(M)": 0.97441,
            "recall(M)": 0.96383,
            "mAP50(M)": 0.98339,
            "mAP50-95(M)": 0.73892,
            "F1_score": 0.9690911242157834
        },
        "config1": {
            "data": "/home/asdasd/tesis_yolov9/datasets_yaml/Deepfish_LO.yaml",
            "lr0": 0.0031375528331954823,
            "lrf": 0.042012051219077744,
            "momentum": 0.9273032793285707,
            "warmup_epochs": 2.2179449544437118,
            "warmup_momentum": 0.7766905024397976,
            "weight_decay": 0.00069066670116218
        },
        "config2": {
            "data": "/home/asdasd/tesis_yolov9/datasets_yaml/Deepfish_LO.yaml",
            "lr0": 0.0028833318670074323,
            "lrf": 0.06908446099918299,
            "momentum": 0.9368077586800744,
            "warmup_epochs": 1.796853868581401,
            "warmup_momentum": 0.7019708255545474,
            "weight_decay": 0.0007302005368281815
        }
    },
    "tune5": {
        "name": "Deepfish_yolov8s-seg_AdamW",
        "best": [
            8,
            7
        ],
        "score_1": {
            "precision(M)": 1.0,
            "recall(M)": 0.98594,
            "mAP50(M)": 0.99187,
            "mAP50-95(M)": 0.78151,
            "F1_score": 0.9929202292113558
        },
        "score_2": {
            "precision(M)": 1.0,
            "recall(M)": 0.9730295539277496,
            "mAP50(M)": 0.9844045454545454,
            "mAP50-95(M)": 0.7909246485800864,
            "F1_score": 0.9863304398970812
        },
        "config2": {
            "data": "/home/asdasd/tesis_yolov9/datasets_yaml/Deepfish.yaml",
            "lr0": 0.0005690150634510456,
            "lrf": 0.42628258287174225,
            "momentum": 0.9277020623125705,
            "warmup_epochs": 2.197324774802551,
            "warmup_momentum": 0.8661863449363227,
            "weight_decay": 0.0008073113979837863
        },
        "config1": {
            "data": "/home/asdasd/tesis_yolov9/datasets_yaml/Deepfish.yaml",
            "lr0": 0.0005896890676858504,
            "lrf": 0.20298872185221606,
            "momentum": 0.9583468648582523,
            "warmup_epochs": 0.9558122438605563,
            "warmup_momentum": 0.587228263310176,
            "weight_decay": 0.0007707678683966262
        }
    },
    "tune6": {
        "name": "Deepfish_yolov8s-seg_SGD",
        "best": [
            8,
            3
        ],
        "score_1": {
            "precision(M)": 1.0,
            "recall(M)": 0.97106,
            "mAP50(M)": 0.97662,
            "mAP50-95(M)": 0.79294,
            "F1_score": 0.9853175448743315
        },
        "score_2": {
            "precision(M)": 0.998,
            "recall(M)": 0.94937,
            "mAP50(M)": 0.98124,
            "mAP50-95(M)": 0.78651,
            "F1_score": 0.9730778023693495
        },
        "config2": {
            "data": "/home/asdasd/tesis_yolov9/datasets_yaml/Deepfish.yaml",
            "lr0": 0.002902951874699897,
            "lrf": 0.08437444140449571,
            "momentum": 0.80619922154768,
            "warmup_epochs": 4.162026337964993,
            "warmup_momentum": 0.4588829594513716,
            "weight_decay": 0.00027389378555442163
        },
        "config1": {
            "data": "/home/asdasd/tesis_yolov9/datasets_yaml/Deepfish.yaml",
            "lr0": 0.003161146576034433,
            "lrf": 0.07723230446304548,
            "momentum": 0.8971569475840034,
            "warmup_epochs": 3.1183006297850984,
            "warmup_momentum": 0.4538291738906299,