{
    "tune": {
        "name": "Deepfish_yolov8n-seg_AdamW",
        "config": {
            "lr0": 0.00074,
            "lrf": 0.01551,
            "momentum": 0.67574,
            "weight_decay": 0.00063,
            "warmup_epochs": 2.50095,
            "warmup_momentum": 0.35819
        },
        "score": {
            "precision(M)": 0.98591,
            "recall(M)": 0.94937,
            "mAP50(M)": 0.98156,
            "mAP50-95(M)": 0.7926,
            "F1_score": 0.96729504433467
        }
    },
    "tune2": {
        "name": "Deepfish_yolov8n-seg_SGD",
        "config": {
            "lr0": 0.00788,
            "lrf": 0.10681,
            "momentum": 0.82268,
            "weight_decay": 0.00049,
            "warmup_epochs": 2.83908,
            "warmup_momentum": 0.37644
        },
        "score": {
            "precision(M)": 0.97342,
            "recall(M)": 0.94937,
            "mAP50(M)": 0.96807,
            "mAP50-95(M)": 0.78156,
            "F1_score": 0.961244592909262
        }
    },
    "tune3": {
        "name": "Deepfish_LO_yolov8n-seg_AdamW",
        "config": {
            "lr0": 0.00124,
            "lrf": 0.06294,
            "momentum": 0.69857,
            "weight_decay": 0.00042,
            "warmup_epochs": 3.0,
            "warmup_momentum": 0.58768
        },
        "score": {
            "precision(M)": 0.99805,
            "recall(M)": 0.92405,
            "mAP50(M)": 0.9794,
            "mAP50-95(M)": 0.77847,
            "F1_score": 0.9596255163623121
        }
    },
    "tune4": {
        "name": "Deepfish_LO_yolov8n-seg_SGD",
        "config": {
            "lr0": 0.004,
            "lrf": 0.09043,
            "momentum": 0.91348,
            "weight_decay": 0.0005,
            "warmup_epochs": 2.97177,
            "warmup_momentum": 0.80191
        },
        "score": {
            "precision(M)": 0.99654,
            "recall(M)": 0.94937,
            "mAP50(M)": 0.97378,
            "mAP50-95(M)": 0.73955,
            "F1_score": 0.9723832857634732
        }
    },
    "tune5": {
        "name": "Deepfish_yolov8s-seg_AdamW",
        "config": {
            "lr0": 0.00068,
            "lrf": 0.11776,
            "momentum": 0.81996,
            "weight_decay": 0.00049,
            "warmup_epochs": 3.00467,
            "warmup_momentum": 0.74592
        },
        "score": {
            "precision(M)": 1.0,
            "recall(M)": 0.94692,
            "mAP50(M)": 0.97763,
            "mAP50-95(M)": 0.80873,
            "F1_score": 0.9727364247118525
        }
    },
    "tune6": {
        "name": "Deepfish_yolov8s-seg_SGD",
        "config": {
            "lr0": 0.01,
            "lrf": 0.21013,
            "momentum": 0.7708,
            "weight_decay": 0.00052,
            "warmup_epochs": 2.77483,
            "warmup_momentum": 0.50711
        },
        "score": {
            "precision(M)": 0.97465,
            "recall(M)": 0.97323,
            "mAP50(M)": 0.98116,
            "mAP50-95(M)": 0.81948,
            "F1_score": 0.9739394824116476
        }
    },
    "tune7": {
        "name": "Deepfish_LO_yolov8s-seg_AdamW",
        "config": {
            "lr0": 0.00071,
            "lrf": 0.07046,
            "momentum": 0.72723,
            "weight_decay": 0.00033,
            "warmup_epochs": 1.54519,
            "warmup_momentum": 0.82151
        },
        "score": {
            "precision(M)": 0.9723,
            "recall(M)": 0.96203,
            "mAP50(M)": 0.99143,
            "mAP50-95(M)": 0.82254,
            "F1_score": 0.967137736580625
        }
    },
    "tune8": {
        "name": "Deepfish_LO_yolov8s-seg_SGD",
        "config": {
            "lr0": 0.00847,
            "lrf": 0.04097,
            "momentum": 0.70334,
            "weight_decay": 0.00059,
            "warmup_epochs": 2.77089,
            "warmup_momentum": 0.74494
        },
        "score": {
            "precision(M)": 0.99535,
            "recall(M)": 0.96203,
            "mAP50(M)": 0.98841,
            "mAP50-95(M)": 0.80378,
            "F1_score": 0.9784064009032482
        }
    },
    "tune9": {
        "name": "Deepfish_yolov8m-seg_AdamW",
        "config": {
            "lr0": 0.00077,
            "lrf": 0.3242,
            "momentum": 0.94581,
            "weight_decay": 0.00026,
            "warmup_epochs": 1.09452,
            "warmup_momentum": 0.62489
        },
        "score": {
            "precision(M)": 0.97636,
            "recall(M)": 0.96203,
            "mAP50(M)": 0.97753,
            "mAP50-95(M)": 0.78591,
            "F1_score": 0.9691420310670195
        }
    },
    "tune10": {
        "name": "Deepfish_yolov8m-seg_SGD",
        "config": {
            "lr0": 0.00696,
            "lrf": 0.01362,
            "momentum": 0.84844,
            "weight_decay": 0.00023,
            "warmup_epochs": 2.86407,
            "warmup_momentum": 0.32696
        },
        "score": {
            "precision(M)": 0.99938,
            "recall(M)": 0.93671,
            "mAP50(M)": 0.97704,
            "mAP50-95(M)": 0.83111,
            "F1_score": 0.9670307060105677
        }
    },
    "tune11": {
        "name": "Deepfish_LO_yolov8m-seg_AdamW",
        "config": {
            "lr0": 0.00064,
            "lrf": 0.01942,
            "momentum": 0.937,
            "weight_decay": 0.00048,
            "warmup_epochs": 2.96775,
            "warmup_momentum": 0.8
        },
        "score": {
            "precision(M)": 0.99837,
            "recall(M)": 0.94937,
            "mAP50(M)": 0.98907,
            "mAP50-95(M)": 0.81903,
            "F1_score": 0.9732536446342941
        }
    },
    "tune12": {
        "name": "Deepfish_LO_yolov8m-seg_SGD",
        "config": {
            "lr0": 0.00989,
            "lrf": 0.13184,
            "momentum": 0.75365,
            "weight_decay": 0.00073,
            "warmup_epochs": 3.15289,
            "warmup_momentum": 0.78347
        },
        "score": {
            "precision(M)": 0.99668,
            "recall(M)": 0.96203,
            "mAP50(M)": 0.98179,
            "mAP50-95(M)": 0.82357,
            "F1_score": 0.9790485170341705
        }
    },
    "tune13": {
        "name": "Deepfish_yolov8l-seg_AdamW",
        "config": {
            "lr0": 0.00125,
            "lrf": 0.1672,
            "momentum": 0.937,
            "weight_decay": 0.0005,
            "warmup_epochs": 3.10231,
            "warmup_momentum": 0.69513
        },
        "score": {
            "precision(M)": 0.95795,
            "recall(M)": 0.93671,
            "mAP50(M)": 0.97025,
            "mAP50-95(M)": 0.79626,
            "F1_score": 0.9472109449716571
        }
    },
    "tune14": {
        "name": "Deepfish_yolov8l-seg_SGD",
        "config": {
            "lr0": 0.00462,
            "lrf": 0.06331,
            "momentum": 0.91296,
            "weight_decay": 0.00043,
            "warmup_epochs": 3.02925,
            "warmup_momentum": 0.83066
        },
        "score": {
            "precision(M)": 0.99875,
            "recall(M)": 0.96203,
            "mAP50(M)": 0.98082,
            "mAP50-95(M)": 0.83688,
            "F1_score": 0.9800461678515693
        }
    },
    "tune15": {
        "name": "Deepfish_LO_yolov8l-seg_AdamW",
        "config": {
            "lr0": 0.00077,
            "lrf": 0.06699,
            "momentum": 0.93762,
            "weight_decay": 0.00048,
            "warmup_epochs": 2.89124,
            "warmup_momentum": 0.80362
        },
        "score": {
            "precision(M)": 0.97284,
            "recall(M)": 0.94937,
            "mAP50(M)": 0.98381,
            "mAP50-95(M)": 0.81254,
            "F1_score": 0.9609617167739216
        }
    },
    "tune16": {
        "name": "Deepfish_LO_yolov8l-seg_SGD",
        "config": {
            "lr0": 0.00841,
            "lrf": 0.06289,
            "momentum": 0.87533,
            "weight_decay": 0.00062,
            "warmup_epochs": 1.64428,
            "warmup_momentum": 0.76515
        },